id,y
4400,7.523680342240322
4401,5.588600741004345
4402,6.915649948238134
4403,7.438482640136419
4404,6.068727652881292
4405,8.29524710594813
4406,6.757432279144467
4407,6.308452835996666
4408,6.584237885524983
4409,7.8303066113462565
4410,5.594593250020611
4411,7.276672469651601
4412,5.144777817634751
4413,7.8065683431134065
4414,5.50091626750454
4415,7.741489665485725
4416,6.175094565222421
4417,6.052069679599791
4418,4.747990966006038
4419,5.4627833756217665
4420,5.980659824721662
4421,7.245999199891188
4422,7.4099300769060825
4423,6.2246752164782375
4424,6.71630468945856
4425,6.178473846646396
4426,6.204707566569917
4427,5.308556720601895
4428,8.400844098709658
4429,6.368282412848654
4430,6.3577745813051205
4431,7.174015329934611
4432,7.1462558343116624
4433,7.06798314080743
4434,7.02505809164756
4435,7.332648348832714
4436,6.834108024020161
4437,7.826277865381242
4438,6.624386662127025
4439,5.647829323666294
4440,6.2945961677146745
4441,5.282484116443539
4442,8.782987958569297
4443,4.9033934540412325
4444,6.551355458909993
4445,8.080953342527572
4446,7.118507152137037
4447,6.2732362556594286
4448,6.25776446964488
4449,7.59805681541716
4450,7.9486604586408705
4451,9.111461635287364
4452,6.706584731770424
4453,9.061419452881312
4454,8.36160558428193
4455,6.081850306889093
4456,5.268188972992791
4457,6.782442295982765
4458,6.323369737769432
4459,7.2471344370019235
4460,5.4269767936609234
4461,7.218756740897287
4462,6.784412460816716
4463,5.996473114820217
4464,5.569449044837789
4465,7.0263920822273755
4466,5.69350415087658
4467,7.589595887495291
4468,5.219954348516345
4469,8.034676987190528
4470,7.445317496517934
4471,6.821637519358022
4472,6.34322367452506
4473,7.255382777748488
4474,7.472874412932616
4475,8.302160117570692
4476,6.557770570388436
4477,7.098042180416963
4478,7.054613063389954
4479,4.745251840388376
4480,7.292075880917778
4481,5.15120976833747
4482,5.872474691330352
4483,5.531597304970505
4484,5.578396531998176
4485,5.308200106394552
4486,6.5166531080034185
4487,6.336538143372495
4488,8.22923726415646
4489,5.076615616235856
4490,5.4417523079384
4491,3.8642373554828593
4492,6.771834082749476
4493,5.989053439354407
4494,5.475894535110962
4495,7.493804375845235
4496,7.1087174036920535
4497,6.548831934901224
4498,7.349781948970079
4499,7.968328848864357
4500,5.507604177178818
4501,4.1225840386725405
4502,8.321577449569807
4503,8.375564315340107
4504,9.119427772083064
4505,6.125553873953916
4506,6.3642967342879215
4507,6.525221342190352
4508,7.738946319392654
4509,7.355868239443357
4510,5.710323133049186
4511,5.9746220315611716
4512,4.882218877492202
4513,6.7007911018163435
4514,5.2663757974435645
4515,6.6192923879266505
4516,7.4295617842379755
4517,4.486284119038415
4518,6.288211548867844
4519,6.646456506782026
4520,5.576813412284656
4521,5.76562726821367
4522,7.381282808062922
4523,6.245692829878628
4524,6.8090952357881935
4525,6.757841770187138
4526,7.309850155825696
4527,8.229261376863597
4528,5.045534500953525
4529,8.727084153835914
4530,5.206996315809779
4531,5.763553321691629
4532,7.762696962480961
4533,6.137920383978588
4534,7.21545375976924
4535,6.600819552080995
4536,6.1008657547647935
4537,7.038434709219178
4538,5.657302241844106
4539,5.9467550955661315
4540,8.007098440158991
4541,6.170944713047437
4542,4.976647758520059
4543,8.933477762645966
4544,7.131811150289561
4545,6.199422636697806
4546,6.452349958231398
4547,7.772895839877659
4548,6.5453373226602904
4549,8.653338611458913
4550,5.372365771687664
4551,5.028544207099701
4552,5.029674232575369
4553,5.157789901178546
4554,9.13449977819905
4555,6.305452348220371
4556,7.472475158471341
4557,6.8702828598005725
4558,7.498912100774195
4559,4.960642691380803
4560,6.018394230869081
4561,6.455982454448626
4562,7.044130451617671
4563,7.711285883372093
4564,7.04467664751688
4565,7.635565151273422
4566,4.975729764919587
4567,7.131747422880576
4568,7.014729311330724
4569,5.968284239313325
4570,6.932906061362478
4571,8.291481098100757
4572,5.895949081352657
4573,6.023933980791849
4574,5.648926217946625
4575,6.141312260977697
4576,5.7052927392905435
4577,6.49829369266894
4578,6.502562315447769
4579,9.11503906221507
4580,6.436423994234781
4581,6.386451825695466
4582,7.660620151950946
4583,6.236401590149063
4584,5.519876632438817
4585,5.346983286996567
4586,6.652775035871915
4587,6.039650125392573
4588,5.9010362333671695
4589,5.411643291760736
4590,6.415587395508983
4591,6.401196707542396
4592,8.098694405671147
4593,7.228053320011637
4594,8.241272012062494
4595,6.5273311180238345
4596,7.912341476325425
4597,6.240930772340481
4598,6.974820221390052
4599,5.739306142965534
4600,7.3537048893868295
4601,7.155829621007802
4602,7.896169566977918
4603,4.932700105724563
4604,6.212052699528589
4605,6.724517449647849
4606,7.9035075501126775
4607,6.864018557141516
4608,6.95607089206539
4609,5.719475979209022
4610,7.346066879789517
4611,6.491562328389336
4612,8.806756850373342
4613,8.2781891281208
4614,6.312318055893264
4615,7.462630146446534
4616,7.59285623811795
4617,5.452668407686532
4618,6.246112734012078
4619,5.616996243973497
4620,3.9861132149266303
4621,6.985217961734598
4622,7.238047398788671
4623,7.7532101205858615
4624,7.306029765437722
4625,6.356801449893557
4626,5.1380380060001585
4627,5.791432880120693
4628,7.415894135550161
4629,5.039995207586554
4630,6.603861105948773
4631,7.680240993417183
4632,7.943507834874823
4633,6.322537472351006
4634,8.534050253874952
4635,5.676562192318359
4636,6.459452395045967
4637,6.034248682109812
4638,7.071296590747655
4639,3.943088101325313
4640,8.489429205233195
4641,7.909381952217451
4642,7.134290954345669
4643,5.791752129300827
4644,8.188820764925861
4645,8.188436088773543
4646,9.05792205290481
4647,4.68840971695437
4648,5.833292500785705
4649,5.82260164523162
4650,6.061352383790854
4651,6.230094458524828
4652,6.045042525705502
4653,5.413751790562049
4654,6.001791939228686
4655,5.251621136848084
4656,6.815753874384968
4657,6.239086231488407
4658,7.021130967879071
4659,7.167636786507536
4660,5.604290667385916
4661,5.062990107510668
4662,8.232594187810111
4663,5.148637195490645
4664,6.099454647071989
4665,6.203445910073423
4666,6.948948038178934
4667,5.22021694235874
4668,6.667081694672948
4669,6.84031904175204
4670,8.634614089402275
4671,7.270739810518025
4672,6.203927876396778
4673,6.797260761878587
4674,5.5376320716439755
4675,7.126409716984777
4676,6.2501693063847386
4677,9.01758015796357
4678,8.155969537663497
4679,7.421487341329974
4680,6.377598034294493
4681,6.557593203610304
4682,7.8864791987661125
4683,5.239964619033469
4684,6.840050569999735
4685,5.179303315252912
4686,4.473538743317569
4687,6.262543836299854
4688,5.27832204576321
4689,8.950548449381843
4690,6.125497132952691
4691,7.178470467545267
4692,8.380715448861713
4693,6.9378211374855585
4694,6.02049712063829
4695,7.469401896229129
4696,5.8776114682012555
4697,6.35602497229973
4698,8.266342881649933
4699,7.409951471306122
4700,4.675931759337249
4701,8.789387447673162
4702,7.720154833562967
4703,8.16407750726923
4704,8.382713553498926
4705,7.38005116227585
4706,6.417813964182927
4707,6.1600163587015295
4708,6.086388264645385
4709,6.125090357506031
4710,4.578126557907815
4711,5.335779237866763
4712,7.347245524305648
4713,5.09828697022011
4714,6.160857167603418
4715,5.925914674105898
4716,7.471396701052191
4717,6.424560497834975
4718,6.119451514734122
4719,5.573409862534842
4720,6.221854379126031
4721,7.994764050466707
4722,7.283049602973837
4723,6.911824051817763
4724,7.531715571544054
4725,6.205848734341866
4726,5.601610836999204
4727,6.081403686786856
4728,5.7163342785340845
4729,8.001604616334157
4730,6.875684746715692
4731,5.971146815157994
4732,6.565746839783692
4733,7.316477924023672
4734,7.496613834010354
4735,5.462840329431517
4736,6.658400363919906
4737,6.615794740461863
4738,7.276843747535364
4739,6.372211314697363
4740,7.094114943358568
4741,6.113761931362359
4742,6.300416016919907
4743,6.065954767857548
4744,5.078409927269626
4745,6.7403852248034966
4746,6.161493031111567
4747,6.843402079502233
4748,6.330022899540954
4749,6.6511197027867635
4750,6.355859040484278
4751,4.21704842377383
4752,5.908394913017214
4753,6.457589394603948
4754,7.021363138268965
4755,5.5891556317982936
4756,6.313038887715715
4757,8.068382833259136
4758,4.805930255871323
4759,7.394157413845568
4760,5.984912231679601
4761,5.859639497305869
4762,6.730830891841534
4763,8.308346449455927
4764,7.089805465323082
4765,6.747001922671766
4766,6.573885951863826
4767,5.442578128001035
4768,7.371022281006671
4769,5.709139898068834
4770,7.251157367762077
4771,8.076468540870263
4772,7.563300281068786
4773,7.013707882718473
4774,5.522803725850205
4775,5.260093208877943
4776,6.6713735866024715
4777,6.2330489094056825
4778,7.841824636238371
4779,6.485507892968536
4780,6.367264024771674
4781,5.627610011188592
4782,6.318626989836512
4783,6.160151876851615
4784,6.291336504285833
4785,6.623790315545819
4786,7.967338418795951
4787,5.478414442971162
4788,4.971431544941217
4789,8.261278558220628
4790,5.503388256567061
4791,5.477032432875236
4792,5.26844605102
4793,6.940937613963509
4794,6.310261587011223
4795,5.395242746207656
4796,6.638005856794288
4797,7.316665851063478
4798,7.836115601145238
4799,5.35492856900397
4800,7.754597457087355
4801,6.041022719744436
4802,5.960329528662856
4803,5.874125047494034
4804,6.637343294078926
4805,8.148178128789954
4806,5.82160506310782
4807,7.233983536877386
4808,5.0567365559640445
4809,4.23678781571839
4810,6.741722625381749
4811,5.496665505844462
4812,5.543324981770409
4813,7.121551119291827
4814,6.988883977439101
4815,7.583167205982677
4816,8.238275179822493
4817,7.520783394079371
4818,4.406744379783373
4819,4.38120166469359
4820,7.283483922585956
4821,6.573977745766282
4822,8.211990947253561
4823,6.701838348356579
4824,6.695140351587215
4825,5.132336710377612
4826,6.793935317914891
4827,7.826823425880939
4828,6.1362236424042305
4829,6.712011863323835
4830,6.335827059478366
4831,6.336560151874673
4832,5.922028183990896
4833,4.070377918792325
4834,7.344513350701625
4835,6.541767286975324
4836,4.556597232313376
4837,6.370254214883827
4838,4.195343395757633
4839,6.390654320722943
4840,6.410759149151169
4841,7.993226954627204
4842,7.025107336709566
4843,6.5618033562755596
4844,5.898603734876409
4845,6.428881029382274
4846,6.147540392824902
4847,6.8775056364053935
4848,7.635942753212298
4849,5.90422548034559
4850,7.481146875803194
4851,6.422107817551938
4852,5.5328405177337165
4853,5.637019119571541
4854,6.7883737889498255
4855,6.619679218780357
4856,5.232243363142668
4857,7.46945485035367
4858,5.173147237914563
4859,5.937454422716029
4860,6.162977254706473
4861,6.048208049232243
4862,7.882813392453523
4863,5.882938177932071
4864,6.521240439982151
4865,6.5059710253036656
4866,7.29669869866515
4867,5.852998748265947
4868,7.858087783063229
4869,7.08355061756044
4870,7.996516164672773
4871,6.687648591585305
4872,8.488045540095754
4873,6.006413160279522
4874,4.840785456433744
4875,7.9154556580625
4876,5.448157643391356
4877,5.853617820662047
4878,5.166544000720685
4879,7.56167290722818
4880,7.28069537546439
4881,7.160323211446471
4882,5.194916932637779
4883,5.687605108186595
4884,7.94305549263335
4885,6.113845574337882
4886,5.992895029091873
4887,7.041868344321628
4888,7.230812320920191
4889,7.8494356391586555
4890,7.7439248647524686
4891,7.69848331228854
4892,6.239719426214309
4893,7.401641315752338
4894,6.134780555039423
4895,3.801553122105347
4896,6.550335887486523
4897,6.468725116689997
4898,6.0405214145695245
4899,8.301257689474527
4900,4.423629710721941
4901,8.236402122747348
4902,5.458459293173911
4903,6.567881992516945
4904,7.4768981923684175
4905,7.227081966286854
4906,6.803667241190722
4907,4.475682909924569
4908,6.198615840663676
4909,7.059630383758333
4910,6.579688994206749
4911,8.640222060000314
4912,7.3521112168008385
4913,5.383845264086284
4914,5.561370195463069
4915,6.898867570726203
4916,5.87411767462042
4917,5.418352750618369
4918,7.616461612201202
4919,7.1779143240788645
4920,5.766502792006165
4921,6.9749830584018495
4922,8.643427183725498
4923,7.109419539144852
4924,6.7349608529860765
4925,5.5898298852475055
4926,5.578257069418568
4927,6.742751418507811
4928,8.423790940145336
4929,7.86943811733443
4930,6.1217163358991415
4931,5.287138876892964
4932,6.436616131522172
4933,7.477324780891787
4934,6.634967277107285
4935,6.967305280054225
4936,7.264294655825235
4937,6.764768426209644
4938,6.998958865834198
4939,6.839662210478341
4940,6.791111116662119
4941,5.99625337827463
4942,6.786568848686361
4943,6.972926867726267
4944,6.8964010157023425
4945,6.4907191101169985
4946,7.583398925031728
4947,5.885756123525631
4948,6.548669928564815
4949,6.314794091336208
4950,8.968477914887796
4951,9.14256901925478
4952,8.739650603742598
4953,6.267726441787372
4954,5.8625406944043315
4955,6.952291830016379
4956,6.343980799013906
4957,8.386049286232602
4958,5.348410189434099
4959,6.920828369064151
4960,6.923936436250466
4961,6.814611998163801
4962,5.138157233188768
4963,7.428937766106994
4964,5.702242165588878
4965,6.670041926674776
4966,3.85033381985125
4967,7.179509362546468
4968,6.293692125678599
4969,6.297942396840569
4970,6.147827308665229
4971,5.615765401436274
4972,5.166649896714668
4973,7.61315669583983
4974,7.917465344307076
4975,6.218136976915702
4976,7.280072872262269
4977,7.642654696648028
4978,6.122005685735159
4979,6.97244152774313
4980,8.335791544410904
4981,4.792366453480234
4982,5.7892139695446945
4983,7.2363344953016515
4984,6.34603303042743
4985,7.753064754208557
4986,6.711700150404905
4987,6.50540928374219
4988,5.3892224852299
4989,7.492115661065995
4990,7.230718670941956
4991,7.047709028886612
4992,6.167082798830289
4993,6.150033562293316
4994,7.000764139333486
4995,7.317618617178496
4996,5.695785588166829
4997,5.268422554037294
4998,4.799325290752859
4999,6.26238675928061
5000,5.086631730364745
5001,8.069648822661938
5002,7.223089237891187
5003,5.574885326454483
5004,7.558595039084171
5005,7.132619754870823
5006,6.3169763274909965
5007,6.580047237434295
5008,5.972931415252491
5009,7.681326275302477
5010,6.667395679254689
5011,5.569259599960327
5012,7.810416398585947
5013,5.776127800570294
5014,7.650326494809305
5015,6.519235019522088
5016,6.918721428036794
5017,7.719689035255965
5018,6.908061864624367
5019,8.338679875855702
5020,7.366538355614713
5021,5.927006531390912
5022,5.687323415013814
5023,6.278654263711057
5024,5.2843279581176
5025,6.1201466708743055
5026,6.168313542003643
5027,5.916925318086549
5028,5.43507241945173
5029,5.413785988875656
5030,7.374537497688066
5031,8.07656647892665
5032,7.222004038183453
5033,6.8932794727649505
5034,7.458525036050153
5035,6.337797462240281
5036,6.181133582430719
5037,7.052613298289498
5038,6.982996506978975
5039,7.597886873823457
5040,6.392938496560163
5041,5.8975090391473035
5042,5.216299337126744
5043,7.961917075934317
5044,4.987344748616689
5045,7.744116551248915
5046,7.1676527611024925
5047,7.309427785481007
5048,5.398180765344423
5049,5.43782877370464
5050,5.654893758597772
5051,8.235251987526565
5052,7.791918627837806
5053,7.727728642621168
5054,6.24450950967182
5055,6.115465030624561
5056,7.217342984879357
5057,6.707058116163389
5058,6.467409475680177
5059,5.057672649064035
5060,5.317865363632179
5061,7.572387862941609
5062,4.3586304736586
5063,6.765760189149497
5064,8.408445852995204
5065,6.097864010193646
5066,5.532937566420965
5067,7.610455573804302
5068,8.68087411830234
5069,7.518925956708764
5070,7.211739901870975
5071,5.848220898283391
5072,6.858000066271559
5073,6.748963644865279
5074,5.375712962702172
5075,7.964150471396405
5076,8.505631252828195
5077,7.564505355704366
5078,7.527954519526779
5079,5.434003442708372
5080,6.535216799541383
5081,5.611923673769498
5082,6.089129610469114
5083,5.346183582928519
5084,6.077995416447645
5085,5.824812339782869
5086,5.1151330169014875
5087,6.429471616848479
5088,6.8744061065660045
5089,7.004122110684683
5090,6.990177596119294
5091,6.5393508352059975
5092,5.928494222022425
5093,7.789997577656416
5094,5.329182529480737
5095,5.544092295416178
5096,5.951847334669298
5097,6.9361607419491005
5098,7.730126490148002
5099,7.976465335751014
5100,8.18155163531661
5101,7.234791068387875
5102,6.444749370254882
5103,6.819301978296706
5104,5.884419061258421
5105,7.263977977230944
5106,8.25860217331051
5107,9.018010904053272
5108,6.801420858354735
5109,6.498919822232119
5110,7.3060906924360545
5111,7.248511421796937
5112,6.1128843131184105
5113,7.568789110550039
5114,6.01806838400243
5115,7.260818868244381
5116,5.791836574675114
5117,5.835212958856769
5118,7.507523876074441
5119,7.211806750646518
5120,6.754140819688582
5121,4.369307040587258
5122,5.942507829257674
5123,5.8486031676526915
5124,7.117415765740611
5125,6.664914451690355
5126,6.415647202221566
5127,7.2339535873004355
5128,7.652993109690091
5129,4.493786940428949
5130,8.067162436376886
5131,6.035236668777061
5132,6.43545073789135
5133,6.765191911407062
5134,6.807665712913961
5135,5.652042624822919
5136,6.990652680584755
5137,6.091393201236665
5138,5.6870678525644935
5139,7.0466197276731295
5140,8.44390728594408
5141,6.133681607775202
5142,5.220283839445588
5143,7.732529815222748
5144,6.703797521804093
5145,6.225652502456585
5146,5.852196577272605
5147,8.022229689208858
5148,6.154350334860451
5149,6.681018585927934
5150,5.9746623271928625
5151,5.448397185149953
5152,6.469990980759415
5153,6.8022764764649875
5154,5.474797273193326
5155,5.993260739894085
5156,8.243338856944261
5157,6.424021758889373
5158,6.8391577978417075
5159,6.8944027062764
5160,6.59835685242266
5161,7.3769954472144486
5162,6.061585742579354
5163,8.499267973932659
5164,8.288345536594349
5165,6.323717817561832
5166,5.568343605000355
5167,6.676230617954771
5168,7.954075808214811
5169,7.5627195732508286
5170,6.18665462601872
5171,7.305517467021254
5172,6.255023730272168
5173,5.357253570994844
5174,7.404553518977621
5175,7.8025517331857035
5176,7.352770281677597
5177,4.651875299639799
5178,5.890139492422666
5179,7.3897015859461215
5180,6.451553818046749
5181,7.589820779222628
5182,6.868779193301179
5183,7.914370393081681
5184,6.93329418562769
5185,5.675793038185029
5186,4.357174638015452
5187,6.877177255108739
5188,5.5853937794457895
5189,7.811569261419392
5190,6.683692910784843
5191,4.819253504856341
5192,7.215082018294463
5193,5.868295304239013
5194,7.819737857572436
5195,7.110539892574017
5196,5.9728822227589005
5197,6.546077751358279
5198,6.7925397274468615
5199,7.617789349005106
5200,6.377212717087046
5201,9.183819299509048
5202,7.627419248115876
5203,4.87576514035062
5204,7.342953188433346
5205,8.73651213465698
5206,5.714947474869836
5207,6.616723362358661
5208,4.704386539446772
5209,6.916885807241616
5210,6.217753605311992
5211,7.482893800477127
5212,7.23967352483196
5213,6.538194425432116
5214,7.524590690729558
5215,7.855309216954552
5216,6.712885164707372
5217,7.0999861610366395
5218,6.419063422924379
5219,5.925160733696432
5220,6.5953298142272
5221,6.885394884221631
5222,7.507993182913364
5223,9.064120535371334
5224,6.415544038639348
5225,5.931234738357875
5226,6.391728294761587
5227,6.45036525590193
5228,6.049446128580674
5229,5.83965768772323
5230,7.835044142441141
5231,8.310570107982441
5232,7.205178375066326
5233,5.334617498156859
5234,6.89376545596419
5235,7.7492278705626285
5236,6.497389144596591
5237,7.394157413845568
5238,5.406019262350143
5239,6.405110429528401
5240,5.921396749917793
5241,7.658339080609076
5242,5.747484713185984
5243,6.622028964259444
5244,6.362234907117761
5245,7.040969710125834
5246,6.7012305168785
5247,7.505807270472354
5248,5.97430498811606
5249,5.682005474134344
5250,5.428695560042917
5251,3.9781905174028815
5252,6.69592111548537
5253,5.753264429948381
5254,5.571211845419357
5255,5.730102063397758
5256,4.921533781254028
5257,8.782455348832086
5258,7.281256488274836
5259,6.736791504794497
5260,6.654818382911831
5261,5.645037516459806
5262,6.668006968779739
5263,6.725577227296144
5264,5.776215511108429
5265,6.985876956927784
5266,4.549307850518994
5267,7.659951638077623
5268,6.354154748434708
5269,6.197657751035233
5270,5.78271167444939
5271,6.588168075358079
5272,6.0415854431569675
5273,5.992677535346832
5274,7.012633604368862
5275,6.776679677348508
5276,6.962342604340867
5277,5.142277140933699
5278,8.479219936803435
5279,6.0123383726843835
5280,6.018818723204814
5281,9.09542375377212
5282,7.447938557824871
5283,7.0932328086995895
5284,7.787057240595837
5285,6.235320585452831
5286,6.995691082268641
5287,6.33962994727187
5288,8.051594940070858
5289,6.383817477195469
5290,8.596934590036765
5291,6.735504718361763
5292,7.926579392070033
5293,7.979677997885609
5294,6.47795770732991
5295,6.607498319262998
5296,6.661537916154935
5297,6.795227948777354
5298,4.866046173589774
5299,6.885852422617241
5300,6.099701339793335
5301,8.081718441137676
5302,6.728658867557493
5303,7.472101894082702
5304,5.808650678424907
5305,4.3007584924027755
5306,6.858546859631348
5307,7.3799729567379995
5308,5.756280797907924
5309,7.311253680097731
5310,5.7546012411616365
5311,7.258554930363792
5312,3.810363092420145
5313,7.233034559431006
5314,6.997029629021952
5315,6.9975804832293855
5316,8.212301242266292
5317,5.129274089336137
5318,6.687088463064868
5319,7.776183803316624
5320,7.375696479939285
5321,7.477302142942662
5322,6.579754018839541
5323,5.652146980893612
5324,6.701361447826805
5325,6.345998937801393
5326,6.35031689631526
5327,5.8544194420965265
5328,7.2840659438343325
5329,8.439294424760677
5330,6.089978605765925
5331,5.667473320732394
5332,4.998178696929636
5333,7.33408460473511
5334,5.2315702925240215
5335,6.894963873001628
5336,6.793828194994157
5337,6.774653704243971
5338,5.542329705601911
5339,6.152582205377836
5340,7.11561577488353
5341,5.641814088474714
5342,6.883694672073256
5343,7.645935226414323
5344,5.922082634191477
5345,4.977395283329062
5346,6.499216996618837
5347,4.91928145597993
5348,6.91075766349672
5349,6.514603133795971
5350,7.222590446925702
5351,7.577442338127703
5352,9.05966360896592
5353,7.525867863305696
5354,7.227862047070877
5355,7.644641833621522
5356,6.655172388268892
5357,5.992675592437419
5358,5.927538729642557
5359,4.8112699015816265
5360,5.438592578100661
5361,6.394646460797706
5362,7.3858191326094405
5363,5.113418271930403
5364,5.739264306942643
5365,5.144265961671921
5366,5.928388309335186
5367,7.751700338978147
5368,6.026893652703553
5369,7.561690164746814
5370,6.756084631760528
5371,8.900626923158235
5372,6.951707698270447
5373,5.224295996650986
5374,7.417513729053184
5375,5.989584553947881
5376,6.90733349791229
5377,7.173848824292176
5378,7.0715657242632
5379,5.146341082079525
5380,6.464676553002898
5381,7.230549712559702
5382,9.123854411029393
5383,6.100050695457958
5384,8.775259463026723
5385,6.99729484834841
5386,7.044669991438719
5387,5.815339784258369
5388,6.3368339154356415
5389,5.490084173810963
5390,6.817622148331961
5391,6.049664642353697
5392,5.925223439618118
5393,5.315966360184523
5394,6.206990398461986
5395,6.669101480297035
5396,4.84258664607467
5397,8.347141134028837
5398,5.924650341240379
5399,6.440526316657801
5400,8.056826045319667
5401,7.107402301530007
5402,6.128291301109369
5403,5.477092263050492
5404,8.312321293139764
5405,6.314867757186613
5406,6.029403513840991
5407,5.91637363654219
5408,8.2663319722821
5409,5.739171128119908
5410,6.4369178561126
5411,6.561687638699695
5412,7.252461993035022
5413,4.3674593177281995
5414,6.8233518366945
5415,8.430545810292514
5416,5.86464077706727
5417,6.21509418282456
5418,8.997666773168952
5419,7.522469209003204
5420,6.403254516614086
5421,5.07837877346464
5422,5.075986782066901
5423,4.425910879639077
5424,6.4981466053698576
5425,7.331862537882827
5426,6.641772272956619
5427,6.393382320912708
5428,6.979669031342279
5429,5.081884575602763
5430,6.520606190278952
5431,4.435560956018772
5432,6.4527673238896925
5433,7.1310405075448
5434,7.722450728835927
5435,6.0643341140239295
5436,5.82436981317517
5437,6.780837492390428
5438,6.261843593868471
5439,6.285410646981063
5440,6.8814747462672194
5441,6.074277986112419
5442,5.11342468018581
5443,8.030391296992336
5444,8.07755351638493
5445,5.7935982191725985
5446,6.181917239115215
5447,6.308179557989578
5448,7.298836364930025
5449,7.198809685373241
5450,5.4817797341882715
5451,5.24869544515163
5452,7.036825140999882
5453,6.561016405451782
5454,5.783574587501945
5455,6.663555488139254
5456,8.305520802742222
5457,7.478149264420303
5458,6.092783249900339
5459,6.5441412875949565
5460,8.083511071945578
5461,6.04062468267963
5462,8.481958301422289
5463,4.978656643936608
5464,6.790208576385858
5465,5.711534182239206
5466,8.448064265071634
5467,5.440279199251794
5468,5.9900940817585795
5469,7.993807021925462
5470,7.811567755496596
5471,7.6538454749642115
5472,5.746577165927277
5473,5.197626449246067
5474,6.616918179033928
5475,6.699299635644213
5476,7.44111965070437
5477,8.084621311958845
5478,7.384753744423657
5479,6.367671267015342
5480,7.102701661849823
5481,7.261904744060931
5482,7.188307256242919
5483,8.190660024266359
5484,7.566694071695908
5485,7.506161115998795
5486,6.478784880901095
5487,7.976028406694247
5488,4.960631434551801
5489,6.501889421531394
5490,7.96718027015703
5491,8.619772195383398
5492,6.4745083809518755
5493,6.606142108819208
5494,6.695778855995653
5495,7.890236274855396
5496,4.819615388592314
5497,6.137374771918278
5498,6.722450080390087
5499,6.467051616466496
5500,5.520354208412672
5501,6.576693945470786
5502,6.063156186674893
5503,7.147897868043181
5504,7.760512198662012
5505,6.30890438690321
5506,7.409768328689684
5507,8.319891293445536
5508,6.017692849366769
5509,7.949066130433875
5510,6.266438798084147
5511,6.517575607579589
5512,7.495149359424574
5513,6.5876269725992
5514,6.289007073674129
5515,5.141773097452996
5516,7.220016357591941
5517,6.413316765713944
5518,5.321030322826851
5519,5.953838329528797
5520,5.215934457870538
5521,7.031965248240002
5522,7.432682305687127
5523,6.0513213549671665
5524,6.998414494919581
5525,6.416192582585706
5526,6.396062193782394
5527,7.818262526276642
5528,7.636741330093374
5529,5.564200529917776
5530,6.748203448040124
5531,5.7029302614902
5532,6.84089099329633
5533,5.238192067922711
5534,5.906269372337791
5535,6.506733131022473
5536,5.677687179478744
5537,6.907332555752732
5538,9.114441336501658
5539,6.733793344190688
5540,7.75185728435184
5541,6.824816131513522
5542,5.969616295287617
5543,6.992031561170608
5544,7.732908108150723
5545,5.934584897540385
5546,7.397426465050734
5547,6.806935849577998
5548,5.632495810968171
5549,7.214791136181809
5550,8.919334606292916
5551,8.70924048012463
5552,6.816666971003641
5553,6.238810490000878
5554,7.05692366213811
5555,5.142136173259845
5556,5.840041390397683
5557,6.239120064368361
5558,9.412069586705293
5559,6.836439952320346
5560,6.009938747793599
5561,8.233825275584548
5562,5.7363877650442605
5563,5.63625031016362
5564,7.20260803093198
5565,6.6859302903784465
5566,5.015032643668259
5567,7.7235584597405875
5568,6.199146515038169
5569,8.705033206656045
5570,6.498232395761184
5571,8.867224264222482
5572,7.257754897817679
5573,6.128655693806565
5574,8.871572611792367
5575,7.036050266304136
5576,7.200284171325344
5577,6.414198607161983
5578,7.839395494647107
5579,5.482338124106711
5580,6.71235585480477
5581,6.342218031211603
5582,6.226922894272953
5583,6.461922284933344
5584,7.234577099214192
5585,6.405286077284512
5586,5.064473571695493
5587,5.165571778389842
5588,7.335418660819989
5589,6.271756860468875
5590,7.114107686629741
5591,6.522310426930169
5592,7.299204613406232
5593,7.9147675065285465
5594,5.347841970565654
5595,8.42950304381621
5596,5.443234368881604
5597,6.4683199227999815
5598,6.400347812551139
5599,5.66251336546186
5600,5.859515471694853
5601,6.657000435288216
5602,3.622906356477599
5603,5.043154192669703
5604,6.478319957784129
5605,6.972106032867106
5606,5.552735744020228
5607,4.5853804419711235
5608,6.003844699635751
5609,7.929854248689459
5610,8.796757987085005
5611,5.593999305799897
5612,8.034670029846136
5613,6.044297383768238
5614,6.798296513587128
5615,5.810682072250402
5616,5.591555202093339
5617,5.4572403093063295
5618,8.345727041739652
5619,6.413423652333492
5620,5.11574734861117
5621,7.195103625329635
5622,6.38486509896575
5623,6.643510324642151
5624,6.15665984676959
5625,4.7840669222119026
5626,5.250428392450157
5627,8.466004692790564
5628,7.813181700111343
5629,7.66355999636806
5630,8.077693632306282
5631,6.35014021866716
5632,8.56258233849685
5633,6.26756102301215
5634,4.7845190292486715
5635,6.019965644156049
5636,8.448505499008991
5637,6.655068793816139
5638,6.923282638892383
5639,5.2831964841518895
5640,5.341060621180277
5641,5.620773054154605
5642,6.789377200098215
5643,6.886378255916252
5644,5.640309642475762
5645,4.9750273199568795
5646,5.2055217935765485
5647,5.854730752295488
5648,8.228334137403278
5649,6.114260934409427
5650,7.523081940613543
5651,6.23685846565753
5652,6.325658262635378
5653,7.117228871150225
5654,8.198563338416518
5655,7.168838980244438
5656,5.052035354339592
5657,7.196711891361635
5658,5.239861275704356
5659,5.157789901178546
5660,4.654693122116771
5661,6.344999507577896
5662,5.896140594669549
5663,6.049722437774548
5664,8.361435375208522
5665,6.313649564000729
5666,8.308250754115134
5667,7.960844508800568
5668,7.082329796963836
5669,5.0514513231654385
5670,5.6905420617090945
5671,7.23210584901739
5672,8.281200617042945
5673,5.840774976828857
5674,7.294252128506588
5675,6.865425667754105
5676,6.613696020179415
5677,6.1023634044632935
5678,7.171262590614377
5679,6.11506691084385
5680,6.8868474810463916
5681,5.856070622799451
5682,9.096282492445326
5683,5.6221102667280265
5684,7.263261070714379
5685,6.185020124368615
5686,7.284094067468777
5687,6.8766800718274395
5688,5.858412839986484
5689,6.811188429586027
5690,8.037436921837893
5691,6.874223187855354
5692,6.082237871953027
5693,7.644947428682365
5694,6.317795113323826
5695,9.035358227550631
5696,7.9996480453850385
5697,7.897276977091393
5698,6.867868368768173
5699,4.799370605428136
5700,7.7439021708931275
5701,6.693038878926068
5702,4.664258814305579
5703,7.796926492296829
5704,5.989163183200359
5705,6.204169715750556
5706,5.126289234395779
5707,6.269071027375093
5708,6.181345064698262
5709,6.5640009549812515
5710,8.026729866998906
5711,7.156598151104635
5712,4.185889147441428
5713,7.175475156778093
5714,6.349864219524032
5715,4.2833922063790135
5716,6.624550013169884
5717,6.8485408954243585
5718,6.380855970529182
5719,7.368974812668481
5720,6.45504138403395
5721,6.87504035913822
5722,6.4455031906648586
5723,7.3437217452951
5724,6.425655217354745
5725,5.578625912867116
5726,5.9468110561873395
5727,7.524683962286353
5728,7.094366376972289
5729,8.612276055680972
5730,5.879335917782695
5731,6.755906402709947
5732,7.298369930663133
5733,6.023684481885314
5734,5.9251289630176815
5735,7.4879625080723935
5736,7.31860781017961
5737,6.721108074231614
5738,6.30846432302217
5739,6.479406704427133
5740,6.739220895045683
5741,6.24346956730976
5742,6.510998560648476
5743,5.916576880134813
5744,5.570240119692639
5745,7.940530764895743
5746,6.045145311224026
5747,4.66067240767778
5748,5.60110881396292
5749,6.579865052770371
5750,5.341287691174078
5751,5.650907358607804
5752,8.69547390013829
5753,5.68721239728977
5754,7.47464403447421
5755,8.360587319891412
5756,4.94097177473648
5757,6.032507235790369
5758,5.354758489994123
5759,6.900041068199317
5760,5.766474207080122
5761,6.980873385813806
5762,6.73281572499135
5763,7.954346389194941
5764,6.30353375012644
5765,8.336500243798735
5766,6.037859731512236
5767,6.663681813664265
5768,6.134636098936405
5769,7.239515021906975
5770,5.58869605788383
5771,6.561445288438541
5772,8.219803164235636
5773,6.507706367227642
5774,6.195870995714719
5775,7.958514872734527
5776,5.137988528612116
5777,5.390274080941684
5778,6.315967863524097
5779,6.7607964089845325
5780,7.150249740990196
5781,7.469110783013284
5782,5.704675591353285
5783,6.1842128997024
5784,6.996430993924006
5785,6.475760957115306
5786,4.878322139162166
5787,5.816813556890053
5788,6.334870319715355
5789,6.8868311547702925
5790,6.486730479070384
5791,5.852208542484633
5792,6.808673683831405
5793,5.682619681888816
5794,8.139933165104598
5795,6.056986207850644
5796,6.095404217542665
5797,6.883084444579024
5798,7.523793190885795
5799,7.0930413142095725
5800,6.172747518422736
5801,7.461092698600961
5802,5.917491577694075
5803,6.650743505466797
5804,5.606422543746421
5805,6.891146257156989
5806,8.497364970920772
5807,8.66676146183449
5808,7.022388226654139
5809,6.947245746005637
5810,6.927247445656259
5811,4.985819485648985
5812,6.752728806726073
5813,5.377614090214524
5814,6.44957978758489
5815,8.037779904215402
5816,5.306281410814237
5817,6.440363001215967
5818,5.1341108836250875
5819,4.982835523099229
5820,5.43695197699472
5821,5.011870658070698
5822,6.443676178592316
5823,5.155384089377393
5824,7.712117810765576
5825,8.288881479621944
5826,5.781720005645023
5827,7.318653446789811
5828,6.778481215605655
5829,7.2597009298155
5830,7.179017170509516
5831,5.256508356160062
5832,6.258051360248675
5833,6.682434288449675
5834,7.177032662307849
5835,7.56089626282004
5836,6.651075064469503
5837,5.170742812402175
5838,7.2868495964740445
5839,5.269328299566789
5840,6.334096772610886
5841,6.222710445829313
5842,6.212775061673562
5843,7.924392622840348
5844,6.873385835222593
5845,7.183956736480737
5846,5.036318582924657
5847,4.474730322681074
5848,5.4796375460872415
5849,5.2509982022557375
5850,5.34654810569393
5851,6.951433672004929
5852,4.492411637460869
5853,4.863301894073786
5854,7.491415475818682
5855,8.998231479630185
5856,6.7006869538175815
5857,7.255750559398782
5858,8.143620966656197
5859,6.9778089930967395
5860,8.442713905383014
5861,5.758685594316962
5862,6.318486889492974
5863,5.690659892995625
5864,7.720905425034288
5865,5.463309837700258
5866,4.754904330845389
5867,8.719357993900664
5868,5.272166376054723
5869,6.691824431087133
5870,6.146355710063005
5871,6.558657818278944
5872,7.112921178675872
5873,6.178221445427289
5874,4.750249329877031
5875,6.799247050747392
5876,7.5308848079086275
5877,5.419148170335977
5878,5.092471716382288
5879,4.800014287376853
5880,6.489370266419667
5881,5.328970591048222
5882,7.414046315437748
5883,7.746147562645127
5884,7.050793649822519
5885,7.3665964573379785
5886,6.229320335882757
5887,7.045374745355582
5888,7.044043858895727
5889,4.637071543730931
5890,5.107116449194675
5891,6.277091749362486
5892,4.3746518696670345
5893,4.08301117830471
5894,6.607090233216657
5895,6.8757470682012185
5896,8.700876106970123
5897,7.444758870550636
5898,6.871483817887491
5899,8.00129162548228
5900,7.753796448168035
5901,6.986865238186389
5902,7.957085168699511
5903,5.665961982211649
5904,6.274391856414583
5905,7.50866272721765
5906,5.495610247470449
5907,6.7681825640604405
5908,6.783615438800361
5909,6.639158074318034
5910,6.756290378509886
5911,5.763824362465654
5912,7.44459605210934
5913,6.203199508653613
5914,5.971008669725664
5915,7.245041347979824
5916,6.294507171940493
5917,6.367881521474053
5918,6.288131580806343
5919,6.603257673983284
5920,6.6034997029223765
5921,5.877016065306195
5922,5.488060692397875
5923,7.46568520948061
5924,7.059144515173505
5925,7.021624762062554
5926,5.936579782020133
5927,6.928798338530541
5928,5.031820377434353
5929,7.0998769602856315
5930,6.772492437331684
5931,4.928579574041334
5932,8.056515190922564
5933,6.458248517057948
5934,6.632639107321898
5935,7.615572059958679
5936,6.192034966309686
5937,7.094578526859368
5938,6.609899041590923
5939,5.115090833800559
5940,7.628619059871163
5941,5.391775074535522
5942,8.408638585890841
5943,6.735068835339519
5944,5.867524643403677
5945,7.898266003257406
5946,5.640616777656772
5947,7.327400513581496
5948,9.09542375377212
5949,8.256826693943292
5950,6.560257239833434
5951,7.087327515893623
5952,7.442462460315224
5953,7.956766549019599
5954,5.913969034357768
5955,7.741646883697042
5956,7.460883153101618
5957,6.166205432657042
5958,5.968445308087142
5959,7.613818780742135
5960,8.26787364931672
5961,5.033761491001914
5962,5.6972027729207255
5963,8.208206847423988
5964,6.98354033540385
5965,7.588479881079068
5966,5.918522496434124
5967,7.447930147586837
5968,6.611148561397769
5969,5.824553590559094
5970,5.184726752963257
5971,7.510238212171565
5972,8.815774307950784
5973,6.688725439387963
5974,6.691658830626047
5975,4.844276808167465
5976,7.457591448131922
5977,6.589475318924986
5978,6.387848098813465
5979,5.300812457679085
5980,5.715767662115443
5981,6.487480100913914
5982,7.903459326745069
5983,7.484839871403897
5984,7.647760719278437
5985,6.194846891608259
5986,5.567171816598607
5987,6.4230478744411466
5988,5.523475785085161
5989,5.730901461035312
5990,7.252986011336332
5991,5.726445906961238
5992,6.872814846691985
5993,6.125084688251475
5994,5.696133392493869
5995,5.77133034545118
5996,6.332067845253523
5997,6.742573185436818
5998,6.021727460457463
5999,5.241245491319693
6000,7.502345882395258
6001,5.878850242070533
6002,7.282252382010346
6003,6.342773721827946
6004,7.689359271102289
6005,3.6954012280723894
6006,8.14871673744011
6007,5.953491748621097
6008,6.555690471194684
6009,6.363329511357265
6010,7.102852269514058
6011,4.96887626969255
6012,5.756844918761168
6013,5.865821746812573
6014,5.697685601645158
6015,6.134161155017943
6016,8.111529493014322
6017,6.018976696161012
6018,6.034966262117888
6019,5.945253030489809
6020,6.237245961423231
6021,4.59939313032367
6022,8.18659177483068
6023,5.862108301942671
6024,7.810422271994501
6025,7.384212889146036
6026,5.195211319686559
6027,7.625332834651216
6028,5.546746625524847
6029,6.422020507315297
6030,5.657448802269421
6031,7.583476308506399
6032,7.533131198317232
6033,6.8970339651184736
6034,8.126428491153929
6035,8.918336003027791
6036,7.733053859956432
6037,7.867560707253869
6038,6.419160149395266
6039,6.889157821135853
6040,6.246126604960796
6041,7.17640779297395
6042,4.080803378448994
6043,5.288453695059738
6044,9.07844103908882
6045,6.693114362723999
6046,6.3685021571161435
6047,5.1019379108319765
6048,8.597518989072645
6049,6.238850133273068
6050,6.499733155523853
6051,6.514149562200084
6052,6.271802271030645
6053,8.386317518610722
6054,6.069068077590336
6055,8.082552622301264
6056,6.651591558910042
6057,6.913715108359053
6058,6.600077142376907
6059,7.78289448896536
6060,6.266828566058659
6061,5.878445186700885
6062,8.169951916329051
6063,7.8197232709526014
6064,6.350701278610519
6065,6.108821486574093
6066,7.291197111021886
6067,6.492541526315647
6068,7.471539252713693
6069,6.261971722859503
6070,6.421155210265272
6071,5.967328857415607
6072,7.876710408925418
6073,7.299942955725383
6074,7.551679904260242
6075,7.212706200020382
6076,7.7007579005461455
6077,9.139165872459069
6078,6.696074855305511
6079,7.365033506283116
6080,7.453834276642917
6081,7.6853194556596875
6082,5.535335235073024
6083,6.69790340821303
6084,6.123260844979444
6085,5.405188616647853
6086,4.863212866506337
6087,6.951560911672548
6088,6.746905820618529
6089,6.762385633157589
6090,8.045366579958747
6091,5.359561002613035
6092,9.182516230176477
6093,6.943115096543921
6094,5.863384914394376
6095,7.029706997313017
6096,7.118822945131015
6097,7.6757875251129155
6098,7.56255682081831
6099,7.061579259051055
6100,7.104708136705979
6101,7.331473131278901
6102,6.479221385648401
6103,6.259252339647252
6104,6.700707909432727
6105,5.973595153342192
6106,5.434056237065404
6107,4.870341051012296
6108,6.17361897536839
6109,5.845272004570261
6110,6.696994117651202
6111,7.585701239724139
6112,8.878219872253066
6113,6.813498424034177
6114,6.1626314778183975
6115,5.972584350820128
6116,5.153442677149968
6117,6.118734926922784
6118,7.145715882581148
6119,7.454937725964384
6120,6.661556688598077
6121,8.932101941568316
6122,6.194747420079586
6123,5.353867855118237
6124,6.762081474075932
6125,8.252567243443496
6126,5.813332407656638
6127,5.0194610707951295
6128,6.768692558302746
6129,7.090480704228186
6130,6.8548086169852835
6131,6.557479233584227
6132,6.0477674108287385
6133,6.692914357612996
6134,6.810014394128883
6135,6.312198184314955
6136,6.854670224251123
6137,6.963784806717112
6138,6.243122666769983
6139,4.504710803843628
6140,7.747573561233973
6141,6.304427557617572
6142,5.838144170115491
6143,8.620058824552101
6144,5.62198625749115
6145,6.825029136121441
6146,6.577137813000072
6147,7.021393608878865
6148,6.226935802644318
6149,7.502564820738623
6150,4.852902414727413
6151,5.9188524836822145
6152,7.8927393008737114
6153,7.280299285311956
6154,6.477646107120706
6155,5.324729693510506
6156,7.470572457924818
6157,5.1108740043554715
6158,6.543636712146999
6159,6.278384671592838
6160,8.098664422078949
6161,7.806753338301269
6162,5.060922247601827
6163,6.8418188636336685
6164,7.786876392234194
6165,6.479539414511692
6166,7.716331611680325
6167,6.1753206119478445
6168,7.584613877181379
6169,7.809375062863169
6170,6.1971524824393365
6171,5.065682558346966
6172,6.54610317842936
6173,6.872377637811303
6174,7.847065926439486
6175,6.856337860555283
6176,9.00901690792945
6177,7.7052095955406745
6178,7.269127360619014
6179,6.790357349364702
6180,6.359721899144557
6181,7.226895689404308
6182,5.934225711826084
6183,7.165471090739153
6184,6.4814794710162
6185,7.069588888425718
6186,8.260637606119266
6187,6.509858499070526
6188,6.192398187217158
6189,7.138887756266738
6190,6.377649268741111
6191,6.4962000973174066
6192,7.15332758678047
6193,8.274820040834626
6194,8.235324307279742
6195,8.498684317655409
6196,6.998540299620834
6197,5.9244069433858115
6198,8.306874001005633
6199,6.700785709679937
6200,6.959518131379383
6201,7.096847104010682
6202,8.59545200053046
6203,5.273852262950941
6204,4.578759077210563
6205,6.513061190361142
6206,7.631680633562102
6207,6.25298429706938
6208,8.294496177473526
6209,7.051619949692695
6210,7.725665122179935
6211,5.461935988473024
6212,6.640499987023154
6213,6.6431600422233466
6214,5.390326490254616
6215,5.491486552123191
6216,8.272291495066096
6217,6.2067069151871594
6218,5.6812400199146325
6219,7.336035447119629
6220,6.391650537879787
6221,7.962328737746299
6222,7.4620539482274495
6223,7.019752676543259
6224,7.239048612409888
6225,6.615192011940062
6226,5.268766776506197
6227,7.276409289116241
6228,7.72278538183689
6229,6.696808023459169
6230,7.994117485436399
6231,6.138004433096894
6232,7.989357697607981
6233,4.163896163962582
6234,6.805095110922495
6235,5.833883818326136
6236,6.622432362161988
6237,6.9046235092830655
6238,7.732646488001597
6239,4.6584360170483645
6240,8.199180721512185
6241,8.85109606385085
6242,6.491366228956774
6243,6.918859131642856
6244,7.515439564326037
6245,7.051206175863443
6246,6.11426747804988
6247,8.478441442037528
6248,8.139490174975927
6249,6.1719747923746935
6250,7.376203551841578
6251,6.159763899405762
6252,7.160018044839743
6253,7.038412541353296
6254,7.78325846471756
6255,8.087038737870332
6256,6.3680447474017905
6257,6.666991439139301
6258,6.173066983200199
6259,7.44216007291918
6260,6.345314119871622
6261,6.519022498029824
6262,9.082298407406627
6263,6.116842504565263
6264,5.2093078608982255
6265,5.88367451540883
6266,8.088046194437323
6267,5.542743539026337
6268,7.002903450822173
6269,6.417384146340609
6270,7.047177679122461
6271,6.9942909193079155
6272,5.2009933230041465
6273,6.814144853355938
6274,6.708799822924862
6275,6.727587483022473
6276,7.508788536267747
6277,7.466060460327597
6278,6.3762674807032305
6279,7.912898009160048
6280,7.11594225425639
6281,7.718220433450383
6282,4.222519575978208
6283,7.652700009914343
6284,7.530480273603642
6285,7.35007164800113
6286,7.400631102640883
6287,6.10728653881437
6288,5.992552335331637
6289,7.194468535372808
6290,8.208749841276804
6291,7.6637578289499055
6292,7.712720647006977
6293,6.143616093003505
6294,4.522573048229874
6295,4.516214650800028
6296,6.943038102948562
6297,6.727596333454541
6298,7.366563029360486
6299,5.088009595373231
6300,7.737191660760458
6301,8.289437079619637
6302,8.06699809547655
6303,6.73328334659727
6304,8.195600698545066
6305,7.901631351319655
6306,6.844210842100471
6307,6.172888156140831
6308,7.537227793227887
6309,4.666542924541161
6310,7.177367760967294
6311,7.67377807554118
6312,6.1497309631124
6313,6.814259001352896
6314,5.830555188060603
6315,4.783873966388194
6316,5.318115572020582
6317,6.572164972478962
6318,7.718216363541952
6319,5.7718483714639826
6320,7.077172216254231
6321,7.804565682432692
6322,6.483307515323978
6323,4.321541503351045
6324,6.7027627048607314
6325,7.502316128006422
6326,8.885548088141055
6327,7.458139266781561
6328,6.761669982947297
6329,8.4078022783332
6330,7.360703721509219
6331,5.930743209326908
6332,5.960041708484279
6333,6.672854781643911
6334,8.752042864777945
6335,8.097451335718024
6336,6.278334453161138
6337,6.943612466974037
6338,8.843031700454155
6339,7.41991975411525
6340,7.847065926439486
6341,6.02896422398928
6342,6.500867462939495
6343,7.224539837386382
6344,6.6129668400660515
6345,8.820986347742577
6346,6.921109811551582
6347,6.464267705368031
6348,8.560035152426229
6349,6.09154512926585
6350,6.95320762919893
6351,6.222815084007168
6352,7.231912551207886
6353,7.129655474003857
6354,6.825711067036931
6355,6.4487251742082625
6356,7.96876712495351
6357,7.789829186194643
6358,4.849625171261383
6359,5.451994130274089
6360,4.703846667279797
6361,8.647588380319538
6362,7.24178636045512
6363,6.271829468514771
6364,6.724428652523168
6365,7.261923051587266
6366,6.298643464852287
6367,8.176233063949793
6368,7.558670075093551
6369,7.469387313138111
6370,7.106976982588378
6371,5.607229554561623
6372,7.341773665534591
6373,5.068034503749488
6374,5.71859067496143
6375,6.316748860221153
6376,6.537580706418995
6377,8.437617219111742
6378,6.544680281258467
6379,6.525328564830949
6380,7.011369833932558
6381,7.60250177255945
6382,5.745266629935288
6383,7.389931089014558
6384,7.86943811733443
6385,7.178393241953022
6386,7.508120622418033
6387,4.858293278863638
6388,7.849735556615278
6389,5.291717852492313
6390,6.661548707041219
6391,7.423524738644081
6392,5.781715097002027
6393,6.236127021235347
6394,5.3165597051578075
6395,5.790788898230154
6396,6.265577120271413
6397,7.094800259080395
6398,6.509840249227586
6399,6.603458075754105
6400,6.706239387971178
6401,6.868436801810812
6402,4.630232852443589
6403,7.255004622961198
6404,6.484647269638173
6405,7.915506233186493
6406,8.204702165623388
6407,6.213228822546535
6408,6.694632258532754
6409,6.469235061794208
6410,6.574255361513578
6411,6.635180906934669
6412,6.74644259816653
6413,7.009345579167202
6414,7.505509109837081
6415,6.259002807167333
6416,6.259895442706877
6417,6.301208985998132
6418,6.648635368836808
6419,6.340919574384558
6420,7.183306864107266
6421,6.747401119963223
6422,6.82901294280039
6423,7.141518081305758
6424,6.872656337760375
6425,7.073885137293951
6426,6.529520021064071
6427,6.813472113078259
6428,6.458495517955912
6429,4.905723062854054
6430,6.153245294085344
6431,7.691527988139899
6432,5.907841601164473
6433,5.699828320318668
6434,7.485561506527323
6435,6.948657012349358
6436,5.476887308943309
6437,6.226340578215807
6438,6.828018018377882
6439,5.891581067419681
6440,8.53342429559596
6441,6.749352893974199
6442,7.272041014092715
6443,6.191652343253983
6444,5.90897670105413
6445,6.84157170881176
6446,7.261193681290185
6447,6.873008686529254
6448,7.904702261569692
6449,7.837931826132259
6450,6.716736534139303
6451,5.335336833117558
6452,5.896636427566621
6453,6.700169695889755
6454,8.304111719623872
6455,8.188635116139814
6456,7.546148805595036
6457,6.504282009657817
6458,6.740553077340189
6459,7.291319405027715
6460,6.3375058988900514
6461,8.774456767738743
6462,8.550978489856233
6463,6.558195431446213
6464,7.03583247648999
6465,6.293776623774502
6466,6.026325350137281
6467,8.08838382200476
6468,7.8939091084395585
6469,5.974988549014021
6470,8.183094962374053
6471,5.7328184952807915
6472,8.39044450692907
6473,6.040979414062934
6474,6.781318310977333
6475,7.205420803574088
6476,6.1228742707662205
6477,5.974564565381376
6478,6.475841628058951
6479,6.940372186387578
6480,7.07293819506503
6481,6.136885076910744
6482,6.742083620991862
6483,8.786632591618861
6484,8.443834555015272
6485,7.7653790102202755
6486,5.517210339846662
6487,6.346693949171892
6488,6.68648140988187
6489,6.455664048795832
6490,5.4527650505297025
6491,6.618529802882174
6492,7.0428061404823845
6493,6.349928820463084
6494,5.256356723847021
6495,7.986189020119488
6496,6.3588426018901405
6497,7.540758435739152
6498,6.663878658366088
6499,5.08002097096079
6500,5.914920659235175
6501,6.608249384411107
6502,5.801802743596446
6503,7.198477368787739
6504,8.616246508028041
6505,6.375293720155928
6506,8.004353924726187
6507,6.453549774451525
6508,6.29543087316579
6509,6.465603076782956
6510,7.403079498429246
6511,5.168583233872478
6512,9.12208369657292
6513,6.735507577803389
6514,6.155007835492563
6515,5.3196526115091824
6516,6.388650421677643
6517,6.573461901250416
6518,7.759450939859581
6519,8.079792114158883
6520,7.467231594145552
6521,6.101844552668988
6522,6.300271900426542
6523,7.146001086905501
6524,6.074496802249753
6525,8.042056111804843
6526,4.521831851469888
6527,7.802845361320538
6528,6.307184499646498
6529,7.488109296160054
6530,5.3999824602153605
6531,6.276319661715039
6532,5.5039946389273275
6533,5.5218499614783285
6534,7.2278199972688455
6535,7.720803936500801
6536,5.759391514730445
6537,6.897902496692564
6538,4.743461183448727
6539,4.930084138134687
6540,6.144889696798429
6541,5.549735428364885
6542,6.716184724895228
6543,6.469443956125649
6544,7.619469628528946
6545,4.257523084769529
6546,6.480144406256123
6547,7.813436608411324
6548,5.581184514857332
6549,5.6357583722483815
6550,6.728485255830937
6551,5.35606725529452
6552,5.459488650309836
6553,6.983501628676013
6554,8.029764754851525
6555,6.984481419524105
6556,5.5224884332619295
6557,8.344808149576021
6558,7.847136459240725
6559,6.937667673101733
6560,5.092210621605311
6561,6.350697559155222
6562,7.122254737917349
6563,7.424422402001084
6564,6.680588407390943
6565,8.386614218969019
6566,6.0763722200599934
6567,8.523662732094108
6568,5.346211493721586
6569,8.10256895922308
6570,5.746075365914633
6571,5.595607129582968
6572,6.318493311618254
6573,7.092624600646295
6574,6.421244290894635
6575,5.286920961505867
6576,5.097170948547129
6577,5.682016896267105
6578,7.147289135615266
6579,7.3373778250966675
6580,7.752837431249401
6581,7.145681227747168
6582,6.233789500060331
6583,6.944327521596619
6584,8.205859099161385
6585,6.497100721536973
6586,6.052046580476308
6587,7.235545769036683
6588,6.529243863550352
6589,6.478026014659878
6590,7.08898585954999
6591,6.780293663024656
6592,6.77573301268219
6593,7.438304403514104
6594,6.11732012609819
6595,6.349340320194404
6596,7.082835252610678
6597,5.855249287597642
6598,7.817940944635868
6599,7.343363794824577
6600,6.259554334055807
6601,5.4048347217639465
6602,4.766545582256162
6603,6.748701219644362
6604,6.113767658996265
6605,8.12326836220787
6606,7.797164936535961
6607,7.016891761490379
6608,4.307216947552405
6609,6.52161941709526
6610,4.974015720429945
6611,6.097771018824634
6612,7.559675400063848
6613,6.635600206700882
6614,5.454619809696119
6615,7.220931609437442
6616,7.458790595545875
6617,8.154988991982279
6618,8.821600340440344
6619,7.382076949281108
6620,7.867139678475791
6621,8.357803301173247
6622,6.894334113684728
6623,6.034724900639365
6624,6.390630425415138
6625,4.568911196713963
6626,7.729017682302786
6627,5.170071696194186
6628,7.843843882643543
6629,7.795117552368471
6630,5.696413407671438
6631,6.389500012804942
6632,6.9061069199171055
6633,5.620954880167271
6634,7.412343774152556
6635,5.521030593562692
6636,5.775974968453794
6637,7.013086157783504
6638,5.267871124842446
6639,7.545766679768298
6640,5.791878928886974
6641,5.864695044838306
6642,7.182176775570331
6643,8.87839446881899
6644,6.564523480297687
6645,6.3165839985361885
6646,6.860380026066573
6647,7.64486001655139
6648,5.768496564176024
6649,7.1859796740405
6650,5.668912355798794
6651,6.038438877996839
6652,8.187503337746623
6653,7.7477311285597485
6654,7.530939501383607
6655,6.006166691266758
6656,6.371424163984272
6657,6.868050934043972
6658,5.775743744276496
6659,6.772298954630282
6660,6.4189688642229115
6661,4.028744301507358
6662,5.838549544753817
6663,5.715551247144354
6664,6.51089737314608
6665,5.366325613911793
6666,6.535551113608409
6667,5.567250077578359
6668,5.98531854613787
6669,5.404766241597198
6670,6.713368640052693
6671,6.334484652382735
6672,6.374168418558217
6673,9.0857326780299
6674,6.397843760803833
6675,6.4916839729474125
6676,7.280243216767237
6677,7.775491354047861
6678,6.444537253541259
6679,7.437209929462543
6680,7.633797780400555
6681,5.997265882453611
6682,7.08699626272312
6683,5.498169367794181
6684,4.982307556330644
6685,7.267731816915727
6686,5.082879437490033
6687,6.292575377239906
6688,5.984165304880531
6689,8.370658598559858
6690,7.7756373311074025
6691,6.329955492789525
6692,7.6674577256950345
6693,6.762989424031687
6694,6.378573444544427
6695,7.17020446017041
6696,5.345176582541948
6697,6.277333135697624
6698,5.62355779218536
6699,7.077038148402688
6700,6.3814924021015536
6701,8.101151893286248
6702,7.494098760507878
6703,6.578684536813078
6704,5.694533671078529
6705,8.01833981779658
6706,6.077351657602222
6707,5.750753614669906
6708,4.816606827527988
6709,6.8815339969267955
6710,7.195068808341746
6711,6.007307189500226
6712,6.016644048909492
6713,6.959061997220984
6714,8.918458350777076
6715,6.058004025168813
6716,7.828200540661285
6717,6.762745764071244
6718,7.027756904609739
6719,7.258713613101686
6720,4.949662302530867
6721,6.61844089559233
6722,5.967830009057763
6723,6.141554478763008
6724,6.365761528368608
6725,5.836172472398301
6726,5.810736271387341
6727,8.6997409540005
6728,7.723045062862744
6729,6.032908890987204
6730,7.919282796016689
6731,5.96685582317636
6732,5.806206119250054
6733,6.368975695578706
6734,6.707981868188371
6735,6.965635974514842
6736,7.795009397529822
6737,6.257677622177287
6738,6.8219846257554115
6739,6.443799669467152
6740,6.556107912908781
6741,8.046261783924797
6742,5.608486805511349
6743,6.88925572025022
6744,7.59836786098448
6745,6.242337691130992
6746,6.854204528767109
6747,6.109757762711013
6748,5.769294814175821
6749,5.320836178573526
6750,5.591860285343458
6751,5.542322223940641
6752,6.953802227366324
6753,8.034651400076749
6754,6.990923111944405
6755,9.168764994590457
6756,8.23916260988441
6757,6.412643281768094
6758,8.40964004367564
6759,6.156101396584067
6760,7.551911665302255
6761,7.167636786507536
6762,5.864576049696623
6763,6.206077958218404
6764,6.676765309191854
6765,3.698436378113046
6766,5.502889291204944
6767,5.5376307181807505
6768,8.010961939570041
6769,6.649615133492198
6770,8.035390737227486
6771,6.103857607025103
6772,6.637324817589817
6773,6.506847948929607
6774,7.516852323704844
6775,7.1395162619737125
6776,7.643377560591961
6777,6.49390934115376
6778,6.982726703931658
6779,6.481764688189986
6780,5.596411184735909
6781,7.258132054485668
6782,6.944487578074855
6783,6.337021961107608
6784,5.356198398300945
6785,5.216864283445358
6786,6.645652003412928
6787,7.570708299431486
6788,6.034500061169158
6789,5.220283839445588
6790,7.793917609601093
6791,3.559524380609225
6792,7.502112157848514
6793,6.442510344183269
6794,7.640735239931901
6795,6.650898087868994
6796,6.647842231724482
6797,6.1473996044496815
6798,7.34134922936125
6799,5.231328720102999
6800,7.523727363547176
6801,6.600667890494571
6802,8.02889429648125
6803,4.872775408225405
6804,6.660693892250254
6805,4.974328148794655
6806,4.158590451570996
6807,8.154182368234554
6808,5.15865243560423
6809,5.291063370991485
6810,7.275751370985164
6811,7.22328815336457
6812,5.110791212241836
6813,6.812972361188204
6814,5.949395520367451
6815,7.680858445814418
6816,6.579952282260274
6817,7.972095901005209
6818,7.8145630196668225
6819,6.71709424019404
6820,5.949255491707252
6821,8.289634214101543
6822,6.03761369415237
6823,6.588755895031697
6824,8.377000013299208
6825,7.011405442837808
6826,7.351879026978298
6827,6.0878832364523925
6828,7.663710103977368
6829,6.7813595628906835
6830,6.848800941744064
6831,6.917481116673874
6832,6.472181883035258
6833,8.437134485366236
6834,5.681692811181746
6835,6.028378713572521
6836,6.379736262247444
6837,8.037365198293937
6838,5.331552861907691
6839,5.548035303193552
6840,5.172765463625477
6841,7.108595621326246
6842,7.800088885418573
6843,6.688671704487596
6844,6.788470162094397
6845,6.096000069592043
6846,8.024934265064916
6847,7.157178908595801
6848,6.306888933221792
6849,7.754591195086321
6850,6.596251061275268
6851,9.03964921563016
6852,6.148245888201505
6853,7.86168206262298
6854,5.707484017350658
6855,5.683617985420577
6856,6.07574648735103
6857,6.768333712203226
6858,5.681287444864478
6859,9.202424571701068
6860,7.588408234849849
6861,7.482040579158756
6862,8.095513392030028
6863,5.386016393299413
6864,5.86202087015928
6865,5.418185619399215
6866,6.39930090664697
6867,6.690135899598912
6868,8.652485396387739
6869,4.445376284829256
6870,8.87245722178834
6871,5.252962735821009
6872,5.834644823736729
6873,4.003777756097445
6874,4.569564342046197
6875,7.047374881742292
6876,4.704341528607114
6877,5.2473112826395
6878,5.081682301970812
6879,6.823255441003582
6880,7.915938841025708
6881,6.240652701225053
6882,4.639112015277822
6883,6.578159275109474
6884,7.278180408618919
6885,6.969298879680917
6886,7.2410118807753
6887,5.93369106421445
6888,7.4898022306608425
6889,8.674107624087453
6890,4.908783292606397
6891,5.426823242495077
6892,5.840241002164899
6893,8.344597485192265
6894,8.885921372030502
6895,7.173594058206805
6896,5.826808887345103
6897,7.676383166776485
6898,6.7863904111299655
6899,6.766538950080477
6900,8.066834862800482
6901,7.529303013498099
6902,7.488332990101479
6903,6.178433121195634
6904,5.302848832945419
6905,7.474612388801261
6906,7.799634795594237
6907,6.971937323652392
6908,7.0691736265996274
6909,8.92596793803104
6910,5.917077032170549
6911,8.883174290636934
6912,8.252510343190558
6913,7.905591504135064
6914,6.754694647872211
6915,7.215723828388795
6916,6.771603208889488
6917,7.058859273503202
6918,6.333454581106281
6919,7.630108248687954
6920,6.886774269970299
6921,6.420178664386625
6922,8.201064700962402
6923,4.821155067809427
6924,4.8710595339823755
6925,6.862847882631087
6926,7.521118597616949
6927,6.632097548298605
6928,8.081560663645083
6929,6.3757471644670005
6930,6.923895569027888
6931,6.443520475298204
6932,5.368732076463606
6933,5.249973115926359
6934,6.848842389090539
6935,8.211927152528123
6936,5.873076217701747
6937,6.913458566655263
6938,8.93855308591901
6939,7.4232119877038265
6940,7.293412590581956
6941,6.3748320612702996
6942,7.42164929505589
6943,6.217687674178805
6944,5.453265632181954
6945,6.316604373648105
6946,5.284090844989592
6947,8.70803218653674
6948,6.47656663383194
6949,7.387685156165849
6950,4.057909057192159
6951,6.366050442710915
6952,5.7581852604580614
6953,4.63258625933596
6954,6.64314751416094
6955,3.9913209436845274
6956,8.609005709164029
6957,7.494995369757088
6958,6.02672218655402
6959,6.335827313638539
6960,5.1340371764216295
6961,7.999656166104385
6962,6.837777365052126
6963,5.896324037953652
6964,6.893710976852037
6965,7.5234374807401805
6966,8.388683088557125
6967,6.621488214805235
6968,6.890005932978744
6969,6.257747295091991
6970,6.837617670272273
6971,7.077565830265348
6972,7.088108786009629
6973,7.844558268729957
6974,8.694784692141496
6975,6.98968654652149
6976,5.349348090456424
6977,5.428136460253383
6978,7.539595517939895
6979,6.193724259767387
6980,7.775345724140883
6981,6.985985772408242
6982,7.586168309558142
6983,5.369651124701443
6984,4.6296372223023985
6985,5.400471702181631
6986,5.846519725687758
6987,7.914931406827776
6988,6.8562940056038375
6989,6.975737850807783
6990,6.80797148030328
6991,7.241612551526725
6992,6.350398662419802
6993,8.075189777510753
6994,4.128119386332554
6995,6.561884428818727
6996,7.571256157925483
6997,8.520244408684873
6998,7.620983025574112
6999,7.462442379170527
7000,7.844847945136186
7001,6.646116635021695
7002,7.923340402259212
7003,6.3522755131519055
7004,7.345997792511395
7005,5.753331062025794
7006,7.629602708995144
7007,6.898733830974476
7008,8.675896887334199
7009,8.285699923086332
7010,6.1606317494116185
7011,6.4060182921763635
7012,7.189470646287735
7013,7.399283172398771
7014,7.585836037021964
7015,6.852396564629901
7016,6.17372983452953
7017,6.550517885824849
7018,8.194301943461385
7019,6.399885976632781
7020,6.096122386069819
7021,5.275266237619862
7022,4.107821299901037
7023,8.48197970958009
7024,8.453420079989728
7025,5.433952480305212
7026,7.099896518304186
7027,8.774051546023793
7028,8.0315345029928
7029,7.139156720435812
7030,7.970202360096619
7031,6.437070596686191
7032,8.226731559874372
7033,5.944337266557308
7034,6.045526453111131
7035,5.412805330617517
7036,5.981869700569356
7037,6.044121225888086
7038,6.732077970112623
7039,6.457905647245341
7040,5.468904156032996
7041,4.633923895504256
7042,7.003635272767832
7043,5.24733725848099
7044,4.744029069906939
7045,7.501189089512351
7046,6.418109518897937
7047,6.587637361397822
7048,5.920627655525515
7049,6.9696604307606185
7050,6.277148356821244
7051,7.119795073133627
7052,7.421151718982192
7053,5.866129072113354
7054,6.144922356234957
7055,4.837957879941064
7056,7.560652641526968
7057,5.696133392493869
7058,8.35610973819335
7059,7.290769170679981
7060,6.049181955607435
7061,6.978520103573254
7062,7.0314203475197115
7063,5.352331922839403
7064,5.901641070765058
7065,5.989772583230254
7066,9.161243591023844
7067,6.715646090730139
7068,7.17017691358323
7069,5.429434301110941
7070,6.295772532061015
7071,7.481518409260347
7072,6.043690980117572
7073,4.975892746422573
7074,7.042387408849314
7075,6.893375763498379
7076,7.20127206561205
7077,6.345402223257082
7078,6.917121612960954
7079,7.269361272884308
7080,8.776144483099177
7081,7.225046010996144
7082,5.943185875369923
7083,7.580066768377495
7084,6.364552404653407
7085,7.17412073907256
7086,7.595288145440491
7087,6.847012241141302
7088,9.202424571701068
7089,7.575728183997464
7090,3.6852981971860705
7091,7.049819389232322
7092,6.607294274663285
7093,6.206802558901923
7094,8.01053302737503
7095,7.463011237783794
7096,5.811702868470048
7097,6.7276250155393456
7098,4.68887467715661
7099,7.336299713718552
7100,6.5432864862395475
7101,6.384146472049318
7102,7.755274602771617
7103,7.599117543736432
7104,7.537186361641036
7105,6.2766648694679015
7106,8.395976810623067
7107,8.417223664090265
7108,7.427271136738498
7109,5.180066999159574
7110,7.829201571736568
7111,5.834696432912782
7112,5.498952893564326
7113,5.502410737665275
7114,7.470608801857301
7115,8.25273652959916
7116,7.463358190211043
7117,7.012419527886129
7118,6.1838852876094705
7119,6.45701482045505
7120,6.005771762801543
7121,8.08739254011677
7122,6.24557716995209
7123,5.17667462897099
7124,8.721997522375858
7125,4.920449558033456
7126,5.585266590162109
7127,5.35775935776493
7128,5.933095811198027
7129,6.548344067486374
7130,7.69960799460477
7131,8.298912923779758
7132,6.080499184956286
7133,6.252956784420297
7134,5.422135004195309
7135,6.621200884323755
7136,5.7852334846258175
7137,8.085521584929783
7138,7.541541727266427
7139,5.5900476320096075
7140,5.847817712173388
7141,9.00901690792945
7142,6.172381697715255
7143,6.39661884388455
7144,5.64231903368274
7145,4.706146204513841
7146,6.159985971980174
7147,7.059460333032224
7148,4.819018957455365
7149,7.865893251592514
7150,7.875905816070089
7151,5.403781129230265
7152,6.3033701535208095
7153,6.474832293422479
7154,4.822474977915518
7155,5.218874503431666
7156,6.19177548969762
7157,7.247767454854984
7158,7.999924745431002
7159,8.204167202642315
7160,7.29752750280387
7161,6.752622308627735
7162,7.8662918057656945
7163,4.040710263801368
7164,6.210791333790062
7165,5.499004806681304
7166,6.371992958562061
7167,5.873463638153783
7168,8.111891147273933
7169,4.339561580007306
7170,6.156473209901955
7171,6.099140703627368
7172,5.905350644945247
7173,4.750305460877986
7174,7.405774818756315
7175,6.672840358598903
7176,9.003576824339097
7177,6.428254531902813
7178,6.305823217549684
7179,7.960591978043017
7180,5.707327683653044
7181,6.5757528804082535
7182,6.180201197406751
7183,7.220679621632652
7184,5.287449610645015
7185,6.724271322800746
7186,6.266245645710014
7187,6.170249391650652
7188,5.328143450494635
7189,5.822876063513863
7190,5.515909207748489
7191,8.957251695398956
7192,7.657155070285947
7193,8.24869874045881
7194,5.6656163158245665
7195,6.5712829266303325
7196,6.41901897684025
7197,6.320349063821126
7198,6.30125538638067
7199,6.250203210742531
7200,6.204539420268189
7201,6.343229464273596
7202,5.345759389782713
7203,5.789390016061921
7204,7.313299436562533
7205,7.500317045688398
7206,6.878830535695494
7207,7.692444411354451
7208,6.956920143778796
7209,4.706432762941947
7210,7.369160870580248
7211,8.008336830161603
7212,6.404749947121911
7213,8.15508928795313
7214,8.091034421837692
7215,6.91489274707088
7216,7.791410752838619
7217,4.030756618061077
7218,7.618902310705685
7219,5.984350674417269
7220,5.755127558786878
7221,7.981213623392374
7222,7.914035745327272
7223,8.748208436221244
7224,7.063717093064221
7225,6.476771962437066
7226,8.003222014989912
7227,6.537553296722434
7228,7.450385900181345
7229,5.158944578776191
7230,7.283402848970659
7231,8.054845308843467
7232,5.834696432912782
7233,6.568733688167594
7234,6.213062795177401
7235,7.480167128850192
7236,7.3147426523209
7237,5.975372495080131
7238,4.614140931888575
7239,5.406675730424293
7240,6.647667727583085
7241,5.923421288403173
7242,7.075054150316209
7243,7.43556312181245
7244,6.06175268624934
7245,6.198009426831139
7246,5.262922401914457
7247,7.242583297207818
7248,7.110955245755736
7249,5.912301410742039
7250,6.387039453785253
7251,5.440951540086043
7252,7.929413061636023
7253,7.138168999788105
7254,4.608538612971764
7255,5.134923321367335
7256,5.751869035842767
7257,5.223682813046799
7258,6.829924538321333
7259,5.754733891706296
7260,7.237842761891635
7261,7.155986490051193
7262,9.013956094139404
7263,6.4242186198452265
7264,6.578144228754669
7265,6.547807358811577
7266,6.576214089396382
7267,8.007967687960479
7268,7.014547638617642
7269,9.306330061327676
7270,6.345156338051308
7271,8.188663991569793
7272,8.389578963601664
7273,8.695191674427939
7274,6.278781007311578
7275,6.07123373344151
7276,4.479590161913319
7277,8.131853560513859
7278,7.565416674519421
7279,6.316347313217776
7280,6.230167608429912
7281,5.468904156032996
7282,5.586797523688516
7283,7.71445794591597
7284,8.91588354661318
7285,6.972979703789763
7286,7.642047251592156
7287,7.385768017705106
7288,5.80183821239402
7289,4.984137830139767
7290,5.757711010293639
7291,5.637083281183927
7292,7.0057967023635985
7293,6.677934934890945
7294,3.8556814681501157
7295,5.8337820534259475
7296,8.70837694748606
7297,6.8912049367229224
7298,6.42591399535063
7299,7.871268293458518
7300,5.8021940879908565
7301,7.5070206274847635
7302,7.418195796431997
7303,7.230658423679501
7304,6.057193888917861
7305,5.665476601796046
7306,5.7118105690477465
7307,5.8492045153973695
7308,7.69614329150464
7309,5.727260841087792
7310,6.84511583901586
7311,5.582573933986555
7312,7.6289667804271195
7313,8.383173029357533
7314,6.582741148843883
7315,7.785410117043647
7316,3.9295177442823044
7317,5.116938267149316
7318,6.839177910497976
7319,7.206290046453772
7320,5.000334915497714
7321,6.915146962688298
7322,7.736057956611622
7323,7.642448446737203
7324,4.929122792190705
7325,5.841862120466933
7326,6.007969748861081
7327,7.617851259282987
7328,6.444814510273026
7329,5.972271107324136
7330,7.708674061599423
7331,8.119874508904672
7332,7.49185222185635
7333,7.678943415375102
